{
  "scene": "Victory",
  "game_objects": [
    {
      "id": 38694,
      "name": "Directional Light",
      "isStatic": false,
      "parentID": 2147483647,
      "transform": {
        "m00": 0.866025448,
        "m01": 7.450581E-09,
        "m02": 0.49999997,
        "m03": 0.0,
        "m10": -0.225438654,
        "m11": -0.8925859,
        "m12": 0.39047128,
        "m13": 0.0,
        "m20": 0.4462929,
        "m21": -0.450877368,
        "m22": -0.773002,
        "m23": 0.0,
        "m30": 0.0,
        "m31": 3.0,
        "m32": 2.0,
        "m33": 1.0
      },
      "components": {
        "directional_light": {
          "range": 10.0,
          "intensity": 0.5,
          "color": {
            "r": 1.0,
            "g": 0.956862748,
            "b": 0.8392157
          }
        }
      }
    },
    {
      "id": -19218,
      "name": "Wall",
      "isStatic": false,
      "parentID": 2147483647,
      "transform": {
        "m00": 5.8,
        "m01": 0.0,
        "m02": 0.0,
        "m03": 0.0,
        "m10": 0.0,
        "m11": -1.1920929E-07,
        "m12": 1.00000012,
        "m13": 0.0,
        "m20": 0.0,
        "m21": -3.25000048,
        "m22": -3.874302E-07,
        "m23": 0.0,
        "m30": 0.0,
        "m31": 0.1,
        "m32": 1.0,
        "m33": 1.0
      },
      "components": {
        "model": {
          "path": "Models/1x1Plane.fbx"
        },
        "overrideMaterial": {
          "materialName": "winscreenBGMatieral",
          "albedo": {
            "r": 0.211764723,
            "g": 0.211764723,
            "b": 0.211764723
          },
          "metallic": 0.0,
          "roughness": 1.0,
          "emission": 1.0,
          "albedoTex": "UI/01 General/UI_generalBackground.dds"
        }
      }
    },
    {
      "id": -20012,
      "name": "diag",
      "isStatic": false,
      "parentID": 2147483647,
      "transform": {
        "m00": 5.85,
        "m01": 0.0,
        "m02": 0.0,
        "m03": 0.0,
        "m10": 0.0,
        "m11": -1.1920929E-07,
        "m12": 1.00000012,
        "m13": 0.0,
        "m20": 0.0,
        "m21": -3.30000043,
        "m22": -3.9339065E-07,
        "m23": 0.0,
        "m30": 0.0,
        "m31": 0.1,
        "m32": 1.543,
        "m33": 1.0
      },
      "components": {
        "model": {
          "path": "Models/1x1Plane.fbx"
        },
        "overrideMaterial": {
          "materialName": "UI_winscreenFrame",
          "albedo": {
            "r": 1.0,
            "g": 1.0,
            "b": 1.0
          },
          "metallic": 0.0,
          "roughness": 0.5,
          "emission": 0.0,
          "albedoTex": "UI/09 Winscreen/UI_winscreenFrame.dds"
        }
      }
    },
    {
      "id": 38698,
      "name": "Winner",
      "isStatic": false,
      "parentID": 2147483647,
      "transform": {
        "m00": 1.0,
        "m01": 0.0,
        "m02": 0.0,
        "m03": 0.0,
        "m10": 0.0,
        "m11": 1.0,
        "m12": 0.0,
        "m13": 0.0,
        "m20": 0.0,
        "m21": 0.0,
        "m22": 1.0,
        "m23": 0.0,
        "m30": 1.21,
        "m31": -1.25,
        "m32": 2.5,
        "m33": 1.0
      },
      "components": {}
    },
    {
      "id": 38732,
      "name": "WinnerPosition",
      "isStatic": false,
      "parentID": 38698,
      "transform": {
        "m00": 2.25,
        "m01": 0.0,
        "m02": 0.0,
        "m03": 0.0,
        "m10": 0.0,
        "m11": 2.25,
        "m12": 0.0,
        "m13": 0.0,
        "m20": 0.0,
        "m21": 0.0,
        "m22": 2.25,
        "m23": 0.0,
        "m30": 0.0,
        "m31": 0.0,
        "m32": 0.0,
        "m33": 1.0
      },
      "components": {
        "spawnPoint": {
          "index": 10
        }
      }
    },
    {
      "id": 38726,
      "name": "footPlatform",
      "isStatic": true,
      "layer": 8,
      "parentID": 38698,
      "transform": {
        "m00": 1.0,
        "m01": 0.0,
        "m02": 0.0,
        "m03": 0.0,
        "m10": 0.0,
        "m11": 1.0,
        "m12": 0.0,
        "m13": 0.0,
        "m20": 0.0,
        "m21": 0.0,
        "m22": 1.0,
        "m23": 0.0,
        "m30": 0.0,
        "m31": 0.0,
        "m32": 0.0,
        "m33": 1.0
      },
      "components": {
        "box_collider": {
          "trigger": false,
          "size": {
            "x": 1.0,
            "y": 1.0,
            "z": 1.0
          },
          "offset": {
            "x": 0.0,
            "y": -0.5,
            "z": 0.0
          },
          "world_transform": {
            "m00": 1.0,
            "m01": 0.0,
            "m02": 0.0,
            "m03": 0.0,
            "m10": 0.0,
            "m11": 1.0,
            "m12": 0.0,
            "m13": 0.0,
            "m20": 0.0,
            "m21": 0.0,
            "m22": 1.0,
            "m23": 0.0,
            "m30": 1.21,
            "m31": -1.25,
            "m32": 2.5,
            "m33": 1.0
          }
        }
      }
    },
    {
      "id": 38740,
      "name": "Second",
      "isStatic": false,
      "parentID": 2147483647,
      "transform": {
        "m00": 1.0,
        "m01": 0.0,
        "m02": 0.0,
        "m03": 0.0,
        "m10": 0.0,
        "m11": 1.0,
        "m12": 0.0,
        "m13": 0.0,
        "m20": 0.0,
        "m21": 0.0,
        "m22": 1.0,
        "m23": 0.0,
        "m30": -0.25,
        "m31": -1.68,
        "m32": 2.743,
        "m33": 1.0
      },
      "components": {}
    },
    {
      "id": 38758,
      "name": "SecondPosition",
      "isStatic": false,
      "parentID": 38740,
      "transform": {
        "m00": 1.0,
        "m01": 0.0,
        "m02": 0.0,
        "m03": 0.0,
        "m10": 0.0,
        "m11": 1.0,
        "m12": 0.0,
        "m13": 0.0,
        "m20": 0.0,
        "m21": 0.0,
        "m22": 1.0,
        "m23": 0.0,
        "m30": 0.0,
        "m31": 0.0,
        "m32": 0.0,
        "m33": 1.0
      },
      "components": {
        "spawnPoint": {
          "index": 11
        }
      }
    },
    {
      "id": 38662,
      "name": "footPlatform",
      "isStatic": true,
      "layer": 8,
      "parentID": 38740,
      "transform": {
        "m00": 1.0,
        "m01": 0.0,
        "m02": 0.0,
        "m03": 0.0,
        "m10": 0.0,
        "m11": 1.0,
        "m12": 0.0,
        "m13": 0.0,
        "m20": 0.0,
        "m21": 0.0,
        "m22": 1.0,
        "m23": 0.0,
        "m30": 0.0,
        "m31": 0.0,
        "m32": 0.0,
        "m33": 1.0
      },
      "components": {
        "box_collider": {
          "trigger": false,
          "size": {
            "x": 1.0,
            "y": 1.0,
            "z": 1.0
          },
          "offset": {
            "x": 0.0,
            "y": -0.5,
            "z": 0.0
          },
          "world_transform": {
            "m00": 1.0,
            "m01": 0.0,
            "m02": 0.0,
            "m03": 0.0,
            "m10": 0.0,
            "m11": 1.0,
            "m12": 0.0,
            "m13": 0.0,
            "m20": 0.0,
            "m21": 0.0,
            "m22": 1.0,
            "m23": 0.0,
            "m30": -0.25,
            "m31": -1.68,
            "m32": 2.743,
            "m33": 1.0
          }
        }
      }
    },
    {
      "id": 38702,
      "name": "Third",
      "isStatic": false,
      "parentID": 2147483647,
      "transform": {
        "m00": 1.0,
        "m01": 0.0,
        "m02": 0.0,
        "m03": 0.0,
        "m10": 0.0,
        "m11": 1.0,
        "m12": 0.0,
        "m13": 0.0,
        "m20": 0.0,
        "m21": 0.0,
        "m22": 1.0,
        "m23": 0.0,
        "m30": -1.25,
        "m31": -1.68,
        "m32": 2.743,
        "m33": 1.0
      },
      "components": {}
    },
    {
      "id": 38744,
      "name": "ThirdPosition",
      "isStatic": false,
      "parentID": 38702,
      "transform": {
        "m00": 1.0,
        "m01": 0.0,
        "m02": 0.0,
        "m03": 0.0,
        "m10": 0.0,
        "m11": 1.0,
        "m12": 0.0,
        "m13": 0.0,
        "m20": 0.0,
        "m21": 0.0,